{
    "modules": [
        {
            "number": 1,
            "cost"  : 8000,
            "error" : 0.09999999999999998
        },
        {
            "number": 1,
            "cost"  : 1000,
            "error" : 0.05000000000000004
        }
    ],
    "error_threshold": 0.001
}
